City_ID,City,Country,Date,Lat,Lng,Max Temp,Humidity,Cloudiness,Wind Speed
0,Torbay,CA,2020-11-25 20:46:11,47.67,-52.73,27.0,53,75,10.29
1,Tshane,BW,2020-11-25 20:46:11,-24.02,21.87,78.04,21,0,16.87
2,Abu Samrah,SY,2020-11-25 20:46:11,35.3,37.18,55.51,72,100,11.32
3,Hwange,ZW,2020-11-25 20:46:11,-18.37,26.5,77.72,62,84,1.1
4,Oksfjord,NO,2020-11-25 20:46:11,70.24,22.35,32.0,90,0,13.87
5,Sioux Lookout,CA,2020-11-25 20:46:11,50.1,-91.92,28.4,86,90,6.93
6,Georgetown,MY,2020-11-25 20:46:11,5.41,100.34,78.8,88,20,4.7
7,Sorland,NO,2020-11-25 20:46:11,67.67,12.69,33.8,69,20,3.36
8,Henties Bay,NA,2020-11-25 20:46:12,-22.12,14.28,60.01,84,25,3.0
9,Hithadhoo,MV,2020-11-25 20:46:12,-0.6,73.08,82.02,78,100,17.02
10,Kikwit,CD,2020-11-25 20:46:12,-5.04,18.82,72.07,85,100,1.43
11,Busselton,AU,2020-11-25 20:46:12,-33.65,115.33,55.0,74,70,1.99
12,Laguna,US,2020-11-25 20:46:12,38.42,-121.42,60.01,58,1,12.75
13,Hermanus,ZA,2020-11-25 20:46:12,-34.42,19.23,58.1,72,2,8.61
14,Nanortalik,GL,2020-11-25 20:46:12,60.14,-45.24,27.61,88,100,47.09
15,Ashqelon,IL,2020-11-25 20:46:12,31.67,34.57,59.0,87,40,13.87
16,Mar Del Plata,AR,2020-11-25 20:41:36,-38.0,-57.56,73.4,78,20,5.82
17,Riyadh,SA,2020-11-25 20:43:48,24.69,46.72,64.4,34,0,6.93
18,Santa Maria,BR,2020-11-25 20:46:12,-29.68,-53.81,81.82,57,100,21.85
19,Ribeira Grande,PT,2020-11-25 20:46:13,38.52,-28.7,51.8,71,40,4.7
20,Angoche,MZ,2020-11-25 20:46:13,-16.23,39.91,81.05,69,89,12.35
21,Tilbury,GB,2020-11-25 20:42:54,51.46,0.36,50.0,89,74,1.01
22,Farafangana,MG,2020-11-25 20:46:13,-22.82,47.83,73.99,88,2,9.51
23,Puerto Del Rosario,ES,2020-11-25 20:46:13,28.5,-13.86,66.2,72,40,14.99
24,Ushuaia,AR,2020-11-25 20:46:13,-54.8,-68.3,44.6,81,75,17.22
25,Cape Town,ZA,2020-11-25 20:42:43,-33.93,18.42,62.01,67,20,6.93
26,Coihaique,CL,2020-11-25 20:46:13,-45.58,-72.07,50.0,61,75,6.93
27,Yar-Sale,RU,2020-11-25 20:46:13,66.83,70.83,8.87,95,98,12.37
28,Bilma,NE,2020-11-25 20:46:14,18.69,12.92,64.96,27,0,10.2
29,Oranjestad,AW,2020-11-25 20:46:14,12.52,-70.03,84.2,70,40,17.22
30,Chicama,PE,2020-11-25 20:46:14,-7.84,-79.15,66.2,77,34,11.41
31,Mogadishu,SO,2020-11-25 20:46:14,2.04,45.34,80.71,78,89,8.08
32,Bredasdorp,ZA,2020-11-25 20:46:14,-34.53,20.04,53.6,71,8,3.36
33,Malartic,CA,2020-11-25 20:46:14,48.13,-78.13,26.6,86,90,10.29
34,Mahebourg,MU,2020-11-25 20:46:14,-20.41,57.7,77.0,88,75,16.11
35,Codrington,AU,2020-11-25 20:46:14,-38.27,141.97,57.69,72,72,11.23
36,Dingle,PH,2020-11-25 20:46:14,11.0,122.67,74.53,91,96,7.43
37,Camocim,BR,2020-11-25 20:46:14,-2.9,-40.84,82.42,71,99,18.57
38,San Joaquin,US,2020-11-25 20:46:14,37.93,-121.3,62.6,42,1,13.87
39,Bengkulu,ID,2020-11-25 20:46:15,-3.8,102.27,75.06,86,75,4.14
40,Dikson,RU,2020-11-25 20:46:15,73.51,80.55,8.8,95,99,18.57
41,Sarakhs,IR,2020-11-25 20:46:15,36.54,61.16,46.4,70,0,9.17
42,Quatre Cocos,MU,2020-11-25 20:46:15,-20.21,57.76,77.0,88,75,16.11
43,Madimba,TZ,2020-11-25 20:46:15,-10.4,40.33,77.18,85,0,6.87
44,Etah,IN,2020-11-25 20:46:15,27.63,78.67,61.83,34,10,5.3
45,Buraydah,SA,2020-11-25 20:42:55,26.33,43.98,68.0,42,0,13.87
46,Urucara,BR,2020-11-25 20:46:15,-2.54,-57.76,79.45,82,99,4.09
47,Luau,AO,2020-11-25 20:46:15,-10.71,22.22,66.58,96,100,2.51
48,Penzance,GB,2020-11-25 20:46:15,50.12,-5.54,37.4,93,20,6.93
49,Bambous Virieux,MU,2020-11-25 20:46:16,-20.34,57.76,77.0,88,75,16.11
50,Klaksvik,FO,2020-11-25 20:46:16,62.23,-6.59,37.4,69,96,11.41
51,Mkuranga,TZ,2020-11-25 20:46:16,-7.12,39.21,73.38,92,89,0.25
52,Hambantota,LK,2020-11-25 20:46:16,6.12,81.12,77.95,84,39,11.56
53,Usiacuri,CO,2020-11-25 20:46:16,10.75,-74.98,84.2,79,40,10.29
54,Paamiut,GL,2020-11-25 20:46:16,61.99,-49.67,24.04,89,99,29.59
55,Nouadhibou,MR,2020-11-25 20:41:25,20.93,-17.03,71.6,64,0,11.41
56,Jamestown,US,2020-11-25 20:45:34,42.1,-79.24,46.0,100,90,10.29
57,Ancud,CL,2020-11-25 20:46:16,-41.87,-73.82,53.6,58,75,14.99
58,Plettenberg Bay,ZA,2020-11-25 20:46:16,-34.05,23.37,57.81,68,16,5.17
59,Mahibadhoo,MV,2020-11-25 20:46:16,3.78,72.97,82.47,75,66,11.14
60,Boffa,GN,2020-11-25 20:46:17,10.17,-14.03,78.57,82,1,3.67
61,Narsaq,GL,2020-11-25 20:46:17,60.92,-46.05,26.6,58,75,27.51
62,Sainte-Rose,GP,2020-11-25 20:46:17,16.33,-61.7,80.6,74,75,11.41
63,Praia Da Vitoria,PT,2020-11-25 20:46:17,38.73,-27.07,57.2,62,75,17.2
64,Saint-Augustin,CA,2020-11-25 20:46:17,51.23,-58.65,23.74,78,100,14.9
65,Ribeira Brava,PT,2020-11-25 20:46:17,32.65,-17.07,57.2,62,40,9.17
66,Cidreira,BR,2020-11-25 20:46:17,-30.18,-50.21,77.02,75,100,14.56
67,Arraial Do Cabo,BR,2020-11-25 20:46:17,-22.97,-42.03,77.0,78,75,13.87
68,Kafue,ZM,2020-11-25 20:46:17,-15.77,28.18,74.57,60,100,0.25
69,Qaanaaq,GL,2020-11-25 20:46:17,77.48,-69.36,-1.98,87,34,2.39
70,Radom,PL,2020-11-25 20:46:17,51.4,21.15,35.01,81,45,7.23
71,Oktyabrskoye,RU,2020-11-25 20:46:18,43.06,44.74,24.8,100,15,4.47
72,Cervo,ES,2020-11-25 20:46:18,43.67,-7.41,51.01,92,100,3.22
73,Port Alfred,ZA,2020-11-25 20:46:18,-33.59,26.89,63.45,65,86,5.39
74,Turukhansk,RU,2020-11-25 20:46:18,65.82,87.98,13.3,96,100,13.33
75,Rio Gallegos,AR,2020-11-25 20:41:20,-51.62,-69.22,53.6,50,40,25.28
76,Mitha Tiwana,PK,2020-11-25 20:46:18,32.25,72.11,52.27,78,0,4.59
77,Robertson,US,2020-11-25 20:46:18,36.52,-86.87,66.2,72,75,8.05
78,Diu,IN,2020-11-25 20:46:18,20.71,70.98,74.37,46,0,10.54
79,Hamina,FI,2020-11-25 20:46:18,60.57,27.2,39.2,100,90,9.17
80,Belem De Sao Francisco,BR,2020-11-25 20:46:18,-8.75,-38.97,87.73,35,0,14.45
81,Challapata,BO,2020-11-25 20:46:19,-18.9,-66.77,57.09,41,84,16.55
82,Saint-Philippe,RE,2020-11-25 20:46:19,-21.36,55.77,77.0,78,39,3.36
83,Asosa,ET,2020-11-25 20:46:19,10.07,34.53,68.94,40,39,4.68
84,Iqaluit,CA,2020-11-25 20:46:19,63.75,-68.51,1.4,77,75,17.22
85,Hualmay,PE,2020-11-25 20:46:19,-11.1,-77.61,67.55,69,58,9.57
86,Shache,CN,2020-11-25 20:46:19,38.42,77.24,21.07,88,99,8.08
87,Kalmunai,LK,2020-11-25 20:46:19,7.42,81.82,77.32,83,51,5.28
88,Gat,IL,2020-11-25 20:46:19,31.61,34.76,59.0,100,85,1.99
89,Ilulissat,GL,2020-11-25 20:46:19,69.22,-51.1,32.0,92,75,12.75
90,Nuwara Eliya,LK,2020-11-25 20:46:19,6.97,80.78,54.36,100,95,3.62
91,Siguiri,GN,2020-11-25 20:46:19,11.67,-9.5,74.97,20,3,1.95
92,Auray,FR,2020-11-25 20:46:19,47.67,-2.99,54.0,93,90,5.82
93,Luderitz,NA,2020-11-25 20:46:20,-26.65,15.16,60.8,72,0,16.11
94,Marawi,PH,2020-11-25 20:46:20,8.0,124.29,68.52,95,100,1.03
95,Souillac,MU,2020-11-25 20:46:20,-20.52,57.52,77.0,88,75,16.11
96,Wana,PK,2020-11-25 20:46:20,32.3,69.57,41.99,77,1,0.72
97,Walvis Bay,NA,2020-11-25 20:46:20,-22.96,14.51,60.01,77,0,2.24
98,Victoria,HK,2020-11-25 20:44:04,22.29,114.16,73.0,82,46,1.99
99,Krasnoselkup,RU,2020-11-25 20:46:20,65.7,82.47,10.15,95,100,14.56
100,Timoteo,BR,2020-11-25 20:46:20,-19.58,-42.64,71.35,90,92,2.62
101,Senno,RU,2020-11-25 20:46:20,59.53,33.92,30.0,94,99,4.07
102,Puerto Colombia,CO,2020-11-25 20:46:20,10.99,-74.95,84.2,79,40,10.29
103,Hobyo,SO,2020-11-25 20:46:20,5.35,48.53,81.09,76,94,11.21
104,Manicore,BR,2020-11-25 20:46:20,-5.81,-61.3,80.78,90,97,2.98
105,Coquimbo,CL,2020-11-25 20:46:21,-29.95,-71.34,68.0,56,0,16.11
106,Lebu,CL,2020-11-25 20:46:21,-37.62,-73.65,56.71,62,4,16.22
107,Thessalon,CA,2020-11-25 20:46:21,46.25,-83.57,39.2,80,90,3.36
108,Awjilah,LY,2020-11-25 20:46:21,29.11,21.29,58.98,63,0,9.6
109,Atar,MR,2020-11-25 20:46:21,20.52,-13.05,72.27,19,100,7.09
110,Kangaatsiaq,GL,2020-11-25 20:46:21,68.31,-53.46,29.21,96,100,28.99
111,Saldanha,ZA,2020-11-25 20:46:21,-33.01,17.94,57.2,62,4,8.05
112,Lodja,CD,2020-11-25 20:46:21,-3.48,23.43,70.2,90,70,2.46
113,Minas,UY,2020-11-25 20:46:21,-34.38,-55.24,73.4,78,40,4.7
114,Zharkent,KZ,2020-11-25 20:46:22,44.16,80.0,21.74,87,100,1.43
115,Daugai,LT,2020-11-25 20:46:22,54.37,24.33,42.8,93,90,5.82
116,Canaries,ES,2020-11-25 20:46:22,28.0,-15.5,69.01,82,75,19.46
117,East London,ZA,2020-11-25 20:46:22,-33.02,27.91,64.69,67,97,1.54
118,Husavik,IS,2020-11-25 20:46:22,66.04,-17.34,30.2,74,0,6.93
119,Padang,ID,2020-11-25 20:46:22,-0.95,100.35,76.84,80,100,2.26
120,Medea,DZ,2020-11-25 20:46:22,36.26,2.75,46.4,93,0,6.89
121,Bonthe,SL,2020-11-25 20:46:22,7.53,-12.51,78.73,84,5,7.16
122,Talnakh,RU,2020-11-25 20:46:22,69.49,88.4,14.0,85,75,22.37
123,Vredendal,ZA,2020-11-25 20:46:22,-31.67,18.5,58.48,63,0,14.32
124,San Juan,AR,2020-11-25 20:46:22,-31.54,-68.54,85.46,27,0,11.1
125,Tabou,CI,2020-11-25 20:46:22,4.42,-7.35,77.61,88,1,7.07
126,Saint George,US,2020-11-25 20:41:50,37.1,-113.58,55.0,31,1,5.82
127,Lasa,IT,2020-11-25 20:46:23,46.62,10.7,32.0,57,5,2.86
128,Jaguaruna,BR,2020-11-25 20:46:23,-28.61,-49.03,79.93,68,4,14.74
129,Shushtar,IR,2020-11-25 20:46:23,32.05,48.86,65.68,53,0,4.63
130,Gopalpur,IN,2020-11-25 20:46:23,19.27,84.92,73.31,55,100,8.21
131,Gaoual,GN,2020-11-25 20:46:23,11.75,-13.2,75.78,28,77,0.51
132,Agirish,RU,2020-11-25 20:46:23,61.92,63.02,18.72,97,95,7.52
133,Naberera,TZ,2020-11-25 20:46:23,-4.2,36.93,66.25,86,73,7.23
134,Awbari,LY,2020-11-25 20:46:23,26.59,12.78,50.67,70,0,2.75
135,Hirtshals,DK,2020-11-25 20:46:23,57.59,9.96,46.99,91,100,4.0
136,Faya,SA,2020-11-25 20:46:23,18.39,42.45,60.8,87,0,5.82
137,Kamina,CD,2020-11-25 20:46:23,-8.74,24.99,65.1,96,35,3.53
138,Saint-Francois,FR,2020-11-25 20:46:24,46.42,3.91,42.01,93,0,1.12
139,Maniitsoq,GL,2020-11-25 20:46:24,65.42,-52.9,27.34,98,100,30.62
140,Gandajika,CD,2020-11-25 20:46:24,-6.75,23.95,68.05,97,100,1.05
141,Chuy,UY,2020-11-25 20:46:24,-33.7,-53.46,71.62,85,100,5.86
142,Camana,PE,2020-11-25 20:46:24,-16.62,-72.71,65.97,66,74,4.59
143,Castro,BR,2020-11-25 20:46:24,-24.79,-50.01,77.31,59,1,4.36
144,Shelburne,CA,2020-11-25 20:44:34,44.08,-80.2,37.99,100,90,2.24
145,Kasempa,ZM,2020-11-25 20:46:24,-13.46,25.83,66.47,88,100,5.41
146,Ipora,BR,2020-11-25 20:44:05,-16.44,-51.12,78.06,65,72,2.68
147,Disna,BY,2020-11-25 20:46:24,55.57,28.2,45.46,94,100,9.86
148,Nizwa,OM,2020-11-25 20:46:24,22.93,57.53,62.62,60,0,4.9
149,Vila Franca Do Campo,PT,2020-11-25 20:46:24,37.72,-25.43,55.4,71,40,11.41
150,Berlevag,NO,2020-11-25 20:46:24,70.86,29.09,23.0,92,0,18.34
151,Rawson,AR,2020-11-25 20:46:25,-43.3,-65.1,67.84,23,76,33.49
152,Dhidhdhoo,MV,2020-11-25 20:46:25,6.88,73.1,81.45,66,66,9.37
153,Umea,SE,2020-11-25 20:46:25,63.83,20.26,41.0,93,75,10.29
154,Aguimes,ES,2020-11-25 20:46:25,27.91,-15.45,69.01,82,75,19.46
155,Chilca,PE,2020-11-25 20:46:25,-12.52,-76.74,68.0,72,40,11.41
156,Nouakchott,MR,2020-11-25 20:46:25,18.09,-15.98,80.6,11,98,6.93
157,Barentu,ER,2020-11-25 20:46:25,15.11,37.59,72.7,49,46,3.22
158,Nunoa,PE,2020-11-25 20:46:25,-14.48,-70.64,63.55,26,99,13.38
159,Ampanihy,MG,2020-11-25 20:46:25,-24.7,44.75,69.42,82,0,2.86
160,Haverfordwest,GB,2020-11-25 20:46:25,51.8,-4.97,48.99,82,33,3.36
161,Epe,NG,2020-11-25 20:46:26,6.58,3.98,78.82,88,55,6.24
162,Bandarbeyla,SO,2020-11-25 20:46:26,9.49,50.81,76.89,81,56,16.69
163,Tasiilaq,GL,2020-11-25 20:46:26,65.61,-37.64,28.4,100,100,57.49
164,Sabirabad,AZ,2020-11-25 20:46:26,40.01,48.48,41.0,80,75,4.7
165,Tres Arroyos,AR,2020-11-25 20:46:26,-38.37,-60.28,79.2,20,0,18.9
166,Kozienice,PL,2020-11-25 20:46:26,51.58,21.55,35.01,97,58,7.38
167,Kargasok,RU,2020-11-25 20:46:26,59.06,80.86,9.25,96,56,4.61
168,Khorramshahr,IR,2020-11-25 20:46:26,30.44,48.17,62.6,72,0,6.93
169,Murdochville,CA,2020-11-25 20:42:56,48.96,-65.5,24.8,62,100,3.36
170,Saint-Leu,RE,2020-11-25 20:46:27,-21.15,55.28,77.0,78,82,3.36
171,Saint Anthony,US,2020-11-25 20:46:27,45.02,-93.22,36.0,80,90,4.7
172,Ugoofaaru,MV,2020-11-25 20:46:27,5.67,73.0,82.47,68,49,10.89
173,Bedele,ET,2020-11-25 20:46:27,8.46,36.35,57.49,82,54,3.58
174,Zwedru,LR,2020-11-25 20:46:27,6.07,-8.13,74.3,89,86,3.98
175,Vardo,NO,2020-11-25 20:46:27,70.37,31.11,23.0,85,20,34.45
176,Yambio,SS,2020-11-25 20:46:27,4.57,28.4,71.98,77,92,3.71
177,Champua,IN,2020-11-25 20:46:27,22.08,85.67,61.52,51,100,2.64
178,Punta Arenas,CL,2020-11-25 20:46:27,-53.15,-70.92,51.8,53,75,23.04
179,Iracoubo,GF,2020-11-25 20:46:27,5.48,-53.2,79.93,84,100,9.46
180,Beni Suef,EG,2020-11-25 20:46:28,29.07,31.1,59.92,61,0,6.91
181,Bam,IR,2020-11-25 20:46:28,29.11,58.36,50.7,47,0,2.33
182,Sakakah,SA,2020-11-25 20:42:16,29.97,40.21,64.4,42,0,9.17
183,Tiznit,MA,2020-11-25 20:46:28,29.58,-9.5,58.08,75,29,1.07
184,Chardara,KZ,2020-11-25 20:43:08,41.25,67.97,34.99,83,0,6.06
185,Malazgirt,TR,2020-11-25 20:46:28,39.14,42.54,35.02,79,100,2.01
186,Tabas,IR,2020-11-25 20:46:28,33.6,56.92,46.4,47,32,4.7
187,Marsa Matruh,EG,2020-11-25 20:46:28,31.35,27.25,59.0,77,40,12.59
188,Porbandar,IN,2020-11-25 20:46:28,21.64,69.61,73.27,45,0,12.12
189,Syracuse,IT,2020-11-25 20:46:28,37.09,15.28,57.2,93,40,2.24
190,Honningsvag,NO,2020-11-25 20:46:28,70.98,25.97,23.0,79,0,12.75
191,Muros,ES,2020-11-25 20:46:28,42.78,-9.06,48.99,93,75,4.7
192,Weligama,LK,2020-11-25 20:46:29,5.97,80.42,77.41,86,77,7.43
193,Upernavik,GL,2020-11-25 20:46:29,72.79,-56.15,7.27,88,73,10.36
194,Carballo,ES,2020-11-25 20:46:11,43.21,-8.69,48.99,94,100,1.1
195,Mbala,ZM,2020-11-25 20:46:29,-8.84,31.37,62.87,89,41,2.17
196,Gazanjyk,TM,2020-11-25 20:46:29,39.24,55.52,42.94,61,100,2.95
197,Vestmanna,FO,2020-11-25 20:46:29,62.16,-7.17,37.4,69,97,11.41
198,Beltiug,RO,2020-11-25 20:46:29,47.55,22.85,24.8,100,90,4.83
199,Miraflores,MX,2020-11-25 20:46:29,19.22,-98.81,78.8,22,5,5.82
200,Qasigiannguit,GL,2020-11-25 20:46:29,68.82,-51.19,32.0,88,75,12.75
201,Oussouye,SN,2020-11-25 20:46:29,12.48,-16.55,75.2,78,0,2.24
202,Ormara,PK,2020-11-25 20:46:30,25.21,64.64,71.38,38,0,18.34
203,Mega,ET,2020-11-25 20:46:30,4.05,38.3,63.28,88,87,6.29
204,Tsabong,BW,2020-11-25 20:46:30,-26.02,22.4,75.74,20,0,13.6
205,Goderich,CA,2020-11-25 20:46:30,43.75,-81.72,42.8,93,100,5.82
206,Rodney,CA,2020-11-25 20:46:30,42.57,-81.68,48.2,93,90,12.75
207,Bathsheba,BB,2020-11-25 20:46:30,13.22,-59.52,84.2,70,40,16.11
208,Vondrozo,MG,2020-11-25 20:46:30,-22.82,47.28,63.75,100,72,4.43
209,Fez,MA,2020-11-25 20:46:30,34.04,-5.0,59.0,67,40,12.75
210,Gamba,GA,2020-11-25 20:46:30,-2.65,10.0,76.8,89,100,7.72
211,Kruisfontein,ZA,2020-11-25 20:46:30,-34.0,24.73,57.99,76,0,1.01
212,Sao Filipe,CV,2020-11-25 20:46:31,14.9,-24.5,79.11,73,100,10.42
213,Araouane,ML,2020-11-25 20:46:31,18.9,-3.53,67.87,24,0,7.29
214,Turkistan,KZ,2020-11-25 20:46:31,43.0,68.0,30.31,85,0,6.58
215,Iralaya,HN,2020-11-25 20:46:31,15.0,-83.23,79.99,87,100,10.31
216,Ghanzi,BW,2020-11-25 20:46:31,-21.57,21.78,80.74,46,22,8.86
217,Hamilton,US,2020-11-25 20:44:41,39.18,-84.53,57.2,87,90,6.93
218,Wageningen,NL,2020-11-25 20:46:31,51.97,5.67,46.4,87,90,8.05
219,Arlit,NE,2020-11-25 20:46:31,18.74,7.39,73.44,22,0,11.99
220,San Andres,CO,2020-11-25 20:46:31,12.58,-81.7,84.2,83,40,8.05
221,Skjervoy,NO,2020-11-25 20:46:31,70.03,20.97,32.0,85,0,13.87
222,Usinsk,RU,2020-11-25 20:46:31,65.99,57.53,20.41,98,100,11.12
223,Chernyakhovsk,RU,2020-11-25 20:46:32,54.63,21.82,36.14,85,74,7.9
224,Sept-Iles,CA,2020-11-25 20:46:32,50.2,-66.38,21.2,85,100,2.24
225,Lagoa,PT,2020-11-25 20:46:32,39.05,-27.98,57.76,62,97,13.67
226,Mosquera,CO,2020-11-25 20:46:32,4.71,-74.23,60.8,72,40,10.29
227,Kismayo,SO,2020-11-25 20:46:32,-0.36,42.55,80.4,80,15,9.13
228,Namibe,AO,2020-11-25 20:46:32,-15.2,12.15,72.9,72,67,5.23
229,Ponta Do Sol,PT,2020-11-25 20:46:32,32.67,-17.1,57.2,62,40,9.17
230,Vestmannaeyjar,IS,2020-11-25 20:46:32,63.44,-20.27,41.07,87,100,36.53
231,Parrsboro,CA,2020-11-25 20:46:32,45.4,-64.33,32.0,79,100,3.36
232,Rio Grande,BR,2020-11-25 20:41:40,-32.03,-52.1,78.8,74,75,17.22
233,Sao Joao Da Barra,BR,2020-11-25 20:46:33,-21.64,-41.05,75.2,88,75,16.11
234,Bocana De Paiwas,NI,2020-11-25 20:46:33,12.79,-85.12,76.26,91,100,9.51
235,Bastia,FR,2020-11-25 20:46:33,42.67,9.33,50.0,93,20,5.82
236,Montelibano,CO,2020-11-25 20:46:33,7.98,-75.42,84.47,81,92,6.85
237,Bonavista,CA,2020-11-25 20:46:33,48.65,-53.11,24.8,58,78,5.82
238,Carnarvon,AU,2020-11-25 20:44:16,-24.87,113.63,69.8,100,0,13.87
239,Qaqortoq,GL,2020-11-25 20:46:33,60.72,-46.03,26.6,58,75,27.51
240,Leshukonskoye,RU,2020-11-25 20:46:33,64.9,45.76,24.66,98,88,3.65
241,Gewane,ET,2020-11-25 20:46:33,10.17,40.65,74.32,67,49,3.04
242,Narasannapeta,IN,2020-11-25 20:46:33,18.42,84.05,72.36,53,100,4.52
243,Peniche,PT,2020-11-25 20:46:33,39.36,-9.38,53.01,89,90,8.01
244,The Valley,AI,2020-11-25 20:46:33,18.22,-63.06,86.0,69,20,9.17
245,Shetpe,KZ,2020-11-25 20:46:34,44.17,52.12,32.74,96,100,4.0
246,General Roca,AR,2020-11-25 20:46:34,-39.03,-67.58,73.4,15,10,29.97
247,Amarante Do Maranhao,BR,2020-11-25 20:46:34,-5.57,-46.74,82.11,64,99,3.44
248,Port Elizabeth,ZA,2020-11-25 20:46:34,-33.92,25.57,60.8,72,1,11.41
249,Roverud,NO,2020-11-25 20:46:34,60.25,12.05,43.0,96,100,3.87
250,Kastamonu,TR,2020-11-25 20:46:34,41.5,33.67,31.51,97,0,0.58
251,Mongo,TD,2020-11-25 20:46:34,12.18,18.69,77.32,23,10,7.65
252,Mana,GF,2020-11-25 20:46:34,5.66,-53.78,79.59,85,63,9.48
253,Roald,NO,2020-11-25 20:46:34,62.58,6.13,44.6,75,40,23.04
254,Prado,BR,2020-11-25 20:46:34,-17.34,-39.22,75.0,85,12,7.72
255,Sal Rei,CV,2020-11-25 20:46:34,16.18,-22.92,77.0,73,90,12.75
256,Salalah,OM,2020-11-25 20:46:34,17.02,54.09,73.4,27,0,6.93
257,Trelew,AR,2020-11-25 20:46:34,-43.25,-65.31,68.86,21,66,38.12
258,Meulaboh,ID,2020-11-25 20:46:34,4.14,96.13,76.17,88,51,5.28
259,Saint-Georges,GD,2020-11-25 20:46:35,12.06,-61.75,80.6,83,75,19.46
260,Capitan Bado,PY,2020-11-25 20:46:35,-23.27,-55.53,85.84,57,40,8.12
261,Nola,IT,2020-11-25 20:46:35,40.92,14.53,51.01,82,0,4.27
262,Ostrovnoy,RU,2020-11-25 20:46:35,68.05,39.51,29.17,96,22,12.95
263,Salamiyah,SY,2020-11-25 20:46:35,35.01,37.05,56.17,77,100,2.66
264,Shubarkuduk,KZ,2020-11-25 20:46:35,49.14,56.49,27.36,98,100,12.33
265,Imbituba,BR,2020-11-25 20:46:35,-28.24,-48.67,78.8,74,20,17.22
266,Taltal,CL,2020-11-25 20:43:54,-25.4,-70.48,63.99,66,38,3.15
267,Lichinga,MZ,2020-11-25 20:46:35,-13.31,35.24,77.0,44,40,8.05
268,Morondava,MG,2020-11-25 20:46:35,-20.28,44.28,80.17,75,96,11.97
269,Koutsouras,GR,2020-11-25 20:46:35,35.03,25.95,61.0,60,9,17.96
270,Pinehurst,US,2020-11-25 20:46:36,35.2,-79.47,68.0,68,90,3.36
271,Ilula,TZ,2020-11-25 20:46:36,-7.68,36.04,65.52,82,100,3.94
272,Kandava,LV,2020-11-25 20:46:36,57.04,22.77,45.64,81,100,11.32
273,Aksarka,RU,2020-11-25 20:46:36,66.56,67.8,7.38,95,100,11.32
274,Bayji,IQ,2020-11-25 20:46:36,34.93,43.49,60.48,35,100,8.32
275,Metsavan,AM,2020-11-25 20:46:36,41.2,44.23,23.0,79,66,4.7
276,Debre Birhan,ET,2020-11-25 20:46:36,9.68,39.53,49.91,96,57,1.77
277,Ostrogozhsk,RU,2020-11-25 20:46:36,50.87,39.08,32.54,94,100,3.56
278,Raga,SS,2020-11-25 20:46:36,8.46,25.68,79.68,31,95,4.61
279,San Cristobal,VE,2020-11-25 20:45:45,7.77,-72.22,84.2,70,40,11.41
280,Mookane,BW,2020-11-25 20:46:36,-23.69,26.66,79.7,51,14,14.63
281,Scarborough,GB,2020-11-25 20:46:37,54.28,-0.4,39.99,93,44,5.82
282,Ambilobe,MG,2020-11-25 20:46:37,-13.2,49.05,75.42,71,84,3.44
283,Chapais,CA,2020-11-25 20:46:37,49.78,-74.85,21.2,85,90,8.05
284,Thakurdwara,IN,2020-11-25 20:46:37,29.2,78.85,59.88,46,95,2.84
285,Luba,GQ,2020-11-25 20:46:37,3.46,8.55,78.8,100,20,5.82
286,Shahr-E Babak,IR,2020-11-25 20:46:37,30.12,55.12,46.33,51,3,7.63
287,North Bay,CA,2020-11-25 20:44:10,46.32,-79.47,35.01,92,90,6.93
288,Molina,CL,2020-11-25 20:45:02,-35.12,-71.28,82.0,27,0,16.11
289,Chutove,UA,2020-11-25 20:46:37,49.71,35.16,38.73,92,95,7.61
290,Sisimiut,GL,2020-11-25 20:46:37,66.94,-53.67,24.01,97,100,4.0
291,Marquette,US,2020-11-25 20:46:37,46.53,-87.63,37.0,82,95,1.01
292,Wilmington,US,2020-11-25 20:46:21,34.23,-77.94,70.0,72,90,6.93
293,Baijiantan,CN,2020-11-25 20:46:38,45.63,85.18,23.02,83,4,5.1
294,Sur,OM,2020-11-25 20:46:38,22.57,59.53,73.2,60,0,9.69
295,Sao Paulo De Olivenca,BR,2020-11-25 20:46:38,-3.38,-68.87,78.58,92,100,2.13
296,Arona,ES,2020-11-25 20:46:38,28.1,-16.68,69.01,68,20,4.7
297,Dolores,AR,2020-11-25 20:46:38,-36.31,-57.68,82.49,49,42,5.01
298,Verkhnechusovskiye Gorodki,RU,2020-11-25 20:46:38,58.17,57.11,24.13,97,99,5.99
299,Mehamn,NO,2020-11-25 20:46:38,71.04,27.85,23.0,79,0,12.75
300,Chepen,PE,2020-11-25 20:46:38,-7.22,-79.45,73.4,56,0,24.16
301,Mayumba,GA,2020-11-25 20:46:38,-3.43,10.66,77.05,88,100,6.64
302,Kem,RU,2020-11-25 20:46:38,64.96,34.58,28.26,97,100,9.6
303,Mayen,DE,2020-11-25 20:46:38,50.33,7.22,37.99,100,99,3.36
304,Oranjemund,NA,2020-11-25 20:46:38,-28.55,16.43,60.17,75,0,22.03
305,Aranos,NA,2020-11-25 20:46:38,-24.13,19.12,74.37,21,53,14.14
306,Osakarovka,KZ,2020-11-25 20:46:39,50.56,72.57,7.32,89,0,6.69
307,Antofagasta,CL,2020-11-25 20:43:38,-23.65,-70.4,66.2,59,20,12.75
308,Boras,SE,2020-11-25 20:46:39,57.72,12.94,43.0,93,90,14.99
309,Madison,US,2020-11-25 20:42:40,34.73,-86.57,62.6,88,1,8.05
310,Giraltovce,SK,2020-11-25 20:46:39,49.11,21.52,32.0,100,90,9.17
311,Norden,DE,2020-11-25 20:46:39,53.6,7.2,44.01,86,88,3.0
312,Basoda,IN,2020-11-25 20:46:39,23.85,77.93,59.47,40,0,7.27
313,Chipoka,MW,2020-11-25 20:46:39,-13.99,34.52,83.43,57,28,6.85
314,Rocha,UY,2020-11-25 20:46:39,-34.48,-54.33,74.05,81,98,1.97
315,Stornoway,GB,2020-11-25 20:46:39,58.21,-6.39,44.6,82,51,8.75
316,Port Blair,IN,2020-11-25 20:46:39,11.67,92.75,80.62,78,4,10.0
317,Birao,CF,2020-11-25 20:46:39,10.28,22.79,76.69,31,10,3.2
318,Havoysund,NO,2020-11-25 20:46:40,71.0,24.66,26.6,79,0,5.82
319,Muscat,OM,2020-11-25 20:42:30,23.61,58.59,73.4,60,0,3.36
320,Hampton,US,2020-11-25 20:46:40,37.03,-76.35,64.99,67,75,4.7
321,La Romana,DO,2020-11-25 20:46:40,18.43,-68.97,84.2,83,40,11.41
322,Gerash,IR,2020-11-25 20:46:40,27.67,54.14,53.6,54,0,1.74
323,Los Llanos De Aridane,ES,2020-11-25 20:46:40,28.66,-17.92,66.2,63,20,23.04
324,Tammisaari,FI,2020-11-25 20:46:40,59.97,23.43,46.99,90,100,5.99
325,Jagdalpur,IN,2020-11-25 20:45:29,19.07,82.03,63.43,64,98,3.38
326,Talcahuano,CL,2020-11-25 20:46:40,-36.72,-73.12,66.2,52,0,18.34
327,Pangoa,PE,2020-11-25 20:46:40,-12.12,-73.0,87.08,55,99,0.76
328,Santo Estevao,BR,2020-11-25 20:46:40,-12.43,-39.25,73.98,77,82,7.7
329,Zambezi,ZM,2020-11-25 20:46:41,-13.54,23.1,65.93,89,100,1.9
330,Miracema Do Tocantins,BR,2020-11-25 20:46:41,-9.56,-48.4,82.94,60,29,4.29
331,Clyde River,CA,2020-11-25 20:46:41,70.47,-68.59,5.0,84,75,18.34
332,Pisco,PE,2020-11-25 20:46:41,-13.7,-76.22,66.2,77,3,11.41
333,Itarema,BR,2020-11-25 20:46:41,-2.92,-39.92,80.53,75,99,16.96
334,Atoka,US,2020-11-25 20:46:41,34.4,-96.02,59.0,43,0,1.99
335,Sabratah,LY,2020-11-25 20:46:41,32.79,12.49,65.37,70,39,5.08
336,Malakwal,PK,2020-11-25 20:42:09,32.55,73.21,55.54,78,92,5.44
337,Margate,GB,2020-11-25 20:45:31,51.38,1.39,51.01,86,100,4.0
338,Boppard,DE,2020-11-25 20:46:41,50.23,7.59,37.99,84,100,3.85
339,Portovelo,EC,2020-11-25 20:46:41,-3.72,-79.62,84.2,58,40,12.75
340,Vieux-Habitants,GP,2020-11-25 20:46:42,16.06,-61.77,80.6,74,75,11.41
341,Kavaratti,IN,2020-11-25 20:46:42,10.57,72.64,81.34,77,83,12.17
342,Kirov,RU,2020-11-25 20:46:42,58.6,49.66,24.03,97,96,4.07
343,Sinnamary,GF,2020-11-25 20:46:42,5.38,-52.95,80.04,83,97,9.22
344,Gulu,UG,2020-11-25 20:46:42,2.77,32.3,66.04,93,99,0.27
345,Krasnoarmeysk,RU,2020-11-25 20:46:42,51.02,45.7,34.0,89,95,3.0
346,Bayonet Point,US,2020-11-25 20:46:42,28.33,-82.68,80.01,66,69,2.98
347,Semenivka,UA,2020-11-25 20:46:42,52.18,32.58,35.13,95,80,2.21
348,Tete,MZ,2020-11-25 20:46:42,-16.16,33.59,98.6,27,40,5.82
349,Statesville,US,2020-11-25 20:42:43,35.78,-80.89,57.0,81,90,3.04
350,Burhaniye,TR,2020-11-25 20:46:42,39.5,26.97,51.8,62,20,24.16
351,Puerto Ayora,EC,2020-11-25 20:46:43,-0.74,-90.35,82.4,61,20,9.17
352,Estrela,BR,2020-11-25 20:46:22,-28.06,-50.94,76.95,59,70,1.68
353,Gobabis,NA,2020-11-25 20:46:43,-22.45,18.97,75.2,25,19,2.24
354,Pitimbu,BR,2020-11-25 20:46:43,-7.47,-34.81,80.6,69,20,13.87
355,Durban,ZA,2020-11-25 20:42:21,-29.86,31.03,71.6,68,75,5.82
356,Petawawa,CA,2020-11-25 20:46:26,45.9,-77.33,28.4,86,90,3.36
357,Chavakachcheri,LK,2020-11-25 20:46:43,9.66,80.16,80.46,81,100,18.1
358,Cottbus,DE,2020-11-25 20:46:43,51.77,14.33,34.0,87,0,7.0
359,Kifri,IQ,2020-11-25 20:46:43,34.7,44.97,59.68,52,100,5.23
360,Moose Factory,CA,2020-11-25 20:46:43,51.26,-80.61,30.2,86,90,9.17
361,Paidha,UG,2020-11-25 20:46:43,2.42,30.99,61.12,82,94,3.27
362,Porto Santo,PT,2020-11-25 20:46:43,33.07,-16.34,53.6,71,40,24.16
363,Mpigi,UG,2020-11-25 20:46:44,0.23,32.31,68.0,88,20,4.7
364,Male,MV,2020-11-25 20:46:44,4.17,73.51,82.4,83,40,10.29
365,Aquin,HT,2020-11-25 20:46:44,18.28,-73.4,81.39,66,0,4.38
366,Surt,LY,2020-11-25 20:46:44,31.21,16.59,65.66,67,27,6.76
367,Appingedam,NL,2020-11-25 20:46:44,53.32,6.86,44.01,97,85,4.0
368,Mitsamiouli,KM,2020-11-25 20:46:44,-11.38,43.28,79.72,78,2,11.97
369,Boyabat,TR,2020-11-25 20:42:26,41.47,34.77,36.97,80,0,1.21
370,Manaure,CO,2020-11-25 20:46:44,11.78,-72.44,86.05,65,90,15.84
371,Teruel,ES,2020-11-25 20:46:44,40.67,-0.67,50.0,86,0,9.17
372,Kolokani,ML,2020-11-25 20:46:44,13.57,-8.03,71.71,19,0,8.81
373,Togur,RU,2020-11-25 20:46:44,58.36,82.83,7.41,95,45,4.41
374,Ati,TD,2020-11-25 20:46:44,13.22,18.34,77.34,17,0,12.53
375,Saint-Joseph,RE,2020-11-25 20:46:44,-21.37,55.62,73.4,78,66,3.36
376,Verkhnyaya Inta,RU,2020-11-25 20:46:45,65.98,60.31,17.85,92,97,6.64
377,Lar,IN,2020-11-25 20:46:45,26.2,83.97,65.1,34,100,3.53
378,Samandag,TR,2020-11-25 20:46:45,36.08,35.98,57.2,62,75,18.34
379,Burgeo,CA,2020-11-25 20:46:45,47.62,-57.62,31.14,88,100,11.45
380,Victoria Falls,ZW,2020-11-25 20:46:45,-17.92,25.84,72.68,75,100,3.98
381,Gornopravdinsk,RU,2020-11-25 20:46:45,60.05,69.9,16.92,96,100,6.87
382,San Francisco,US,2020-11-25 20:45:47,37.77,-122.42,62.6,51,20,14.99
383,Mola Di Bari,IT,2020-11-25 20:46:45,41.06,17.09,48.99,93,0,6.93
384,Cartagena,CO,2020-11-25 20:43:54,10.4,-75.51,86.0,79,75,8.05
385,Lagunas,PE,2020-11-25 20:46:45,-5.23,-75.68,94.93,46,72,1.77
386,Keti Bandar,PK,2020-11-25 20:46:45,24.14,67.45,67.59,50,0,16.51
387,Tigzirt,DZ,2020-11-25 20:46:45,36.89,4.12,60.67,45,0,8.08
388,Nioro,GM,2020-11-25 20:46:46,13.35,-15.75,78.37,17,98,5.59
389,Wattegama,LK,2020-11-25 20:46:46,6.8,81.48,72.86,93,38,2.39
390,Shumikha,RU,2020-11-25 20:46:46,55.23,63.3,12.9,96,100,7.2
391,Cuenca,EC,2020-11-25 20:46:18,-2.88,-78.98,66.2,48,75,8.05
392,Santa Isabel Do Rio Negro,BR,2020-11-25 20:46:46,-0.41,-65.02,79.41,93,100,2.1
393,Sambava,MG,2020-11-25 20:46:46,-14.27,50.17,74.14,87,48,10.2
394,Lillehammer,NO,2020-11-25 20:46:46,61.11,10.47,34.54,87,4,3.91
395,Treinta Y Tres,UY,2020-11-25 20:46:46,-33.23,-54.38,73.62,84,100,6.17
396,Pitsunda,GE,2020-11-25 20:46:46,43.16,40.34,39.2,80,40,2.24
397,Baragua,CU,2020-11-25 20:46:46,21.7,-78.63,78.87,72,45,12.86
398,Mont-De-Marsan,FR,2020-11-25 20:46:46,44.0,-0.67,41.0,93,0,3.36
399,Harper,LR,2020-11-25 20:46:47,4.38,-7.72,77.63,87,6,6.85
400,San Bartolome De Tirajana,ES,2020-11-25 20:46:47,27.92,-15.57,69.01,82,75,19.46
401,Camacha,PT,2020-11-25 20:46:47,33.08,-16.33,53.6,71,40,24.16
402,Sciacca,IT,2020-11-25 20:46:47,37.51,13.09,54.0,92,100,4.83
403,Kjopsvik,NO,2020-11-25 20:46:47,68.1,16.37,24.8,100,40,4.74
404,Caucaia,BR,2020-11-25 20:46:47,-3.74,-38.65,82.4,69,20,14.99
405,Teguldet,RU,2020-11-25 20:46:47,57.31,88.17,6.6,95,32,3.74
406,Capaci,IT,2020-11-25 20:46:47,38.17,13.24,57.99,82,20,4.7
407,Agadir,MA,2020-11-25 20:46:47,30.42,-9.6,64.4,88,40,6.93
408,Gretna,US,2020-11-25 20:42:39,29.91,-90.05,81.0,94,90,6.93
409,Esenyurt,TR,2020-11-25 20:46:47,41.03,28.68,54.0,62,40,13.87
410,Manitouwadge,CA,2020-11-25 20:46:47,49.12,-85.84,35.6,95,90,4.52
411,Acarau,BR,2020-11-25 20:46:48,-2.89,-40.12,80.71,75,99,17.83
412,Albanel,CA,2020-11-25 20:42:40,48.88,-72.45,21.2,92,90,4.7
413,Saint-Pierre,RE,2020-11-25 20:46:48,-21.34,55.48,73.4,78,85,3.36
414,Pimenta Bueno,BR,2020-11-25 20:46:06,-11.67,-61.19,91.83,47,65,4.81
415,Dustlik,UZ,2020-11-25 20:46:48,40.52,68.04,31.68,88,0,4.79
416,Sirjan,IR,2020-11-25 20:46:48,29.45,55.68,48.29,48,0,8.48
417,Esmeraldas,BR,2020-11-25 20:46:48,-19.76,-44.31,80.6,57,75,9.17
418,Terrace Bay,CA,2020-11-25 20:46:48,48.78,-87.1,35.6,87,90,5.88
419,Venado Tuerto,AR,2020-11-25 20:46:48,-33.75,-61.97,86.0,53,35,3.0
420,Manhumirim,BR,2020-11-25 20:46:48,-20.36,-41.96,67.86,88,100,2.44
421,Kargat,RU,2020-11-25 20:46:48,55.2,80.28,5.07,95,73,4.32
422,Loubomo,CG,2020-11-25 20:46:48,-4.2,12.67,72.54,96,100,3.96
423,Soyo,AO,2020-11-25 20:46:49,-6.13,12.37,77.92,82,87,7.87
424,Birsk,RU,2020-11-25 20:46:49,55.42,55.54,23.18,98,100,11.59
425,Ilo,PE,2020-11-25 20:46:49,-17.64,-71.34,64.74,69,74,4.5
426,Rio Verde De Mato Grosso,BR,2020-11-25 20:46:49,-18.92,-54.84,93.22,32,25,6.08
427,Menongue,AO,2020-11-25 20:46:49,-14.66,17.69,66.16,86,93,2.15
428,Radomsko,PL,2020-11-25 20:46:49,51.07,19.44,30.0,75,20,9.44
429,Aksu,CN,2020-11-25 20:46:49,41.12,80.26,23.16,81,100,2.71
430,Beloha,MG,2020-11-25 20:46:49,-25.17,45.05,68.81,88,0,3.0
431,Mantua,IT,2020-11-25 20:46:49,45.17,10.78,37.99,83,0,2.24
432,Chimoio,MZ,2020-11-25 20:46:49,-19.12,33.48,71.6,100,75,11.41
433,Olafsvik,IS,2020-11-25 20:46:50,64.89,-23.71,38.82,94,100,49.64
434,Matara,LK,2020-11-25 20:46:50,5.95,80.54,76.84,87,83,7.47
435,Viedma,AR,2020-11-25 20:46:50,-40.81,-63.0,67.37,32,90,16.78
436,Amapa,BR,2020-11-25 20:46:50,1.0,-52.0,82.81,62,100,2.77
437,Redondela,ES,2020-11-25 20:46:50,42.28,-8.61,55.99,87,40,6.93
438,Xuddur,SO,2020-11-25 20:46:50,4.12,43.89,75.38,78,96,12.73
439,Tibagi,BR,2020-11-25 20:46:50,-24.51,-50.41,81.16,51,24,5.5
440,Vila Velha,BR,2020-11-25 20:46:50,-20.33,-40.29,80.01,78,75,10.29
441,Mezen,RU,2020-11-25 20:46:50,65.85,44.24,29.16,98,98,5.88
442,Mecca,SA,2020-11-25 20:46:50,21.43,39.83,75.65,80,49,1.3
443,Keetmanshoop,NA,2020-11-25 20:46:50,-26.58,18.13,77.0,23,0,4.7
444,Nuuk,GL,2020-11-25 20:43:45,64.18,-51.72,21.2,85,90,4.7
445,Beira,MZ,2020-11-25 20:46:51,-19.84,34.84,84.2,83,75,11.41
446,Arroyos Y Esteros,PY,2020-11-25 20:46:51,-25.07,-57.1,102.2,27,20,13.87
447,Rumphi,MW,2020-11-25 20:46:51,-11.02,33.86,73.18,51,0,4.83
448,Tutoia,BR,2020-11-25 20:46:51,-2.76,-42.27,84.2,74,0,12.91
449,Gambela,ET,2020-11-25 20:46:51,8.25,34.58,82.51,45,75,1.54
450,Geraldton,AU,2020-11-25 20:46:51,-28.77,114.6,66.2,82,22,8.05
451,Porto Novo,BJ,2020-11-25 20:46:51,6.5,2.6,82.4,83,20,10.29
452,Bethanien,NA,2020-11-25 20:46:51,-26.5,17.16,68.38,24,0,11.05
453,Goya,AR,2020-11-25 20:46:51,-29.14,-59.26,77.25,83,51,10.87
454,Umm Kaddadah,SD,2020-11-25 20:46:51,13.6,26.69,74.86,19,3,15.41
455,Lamu,KE,2020-11-25 20:46:51,-2.27,40.9,80.17,86,13,9.22
456,Bassila,BJ,2020-11-25 20:46:51,9.01,1.67,80.29,29,0,0.94
457,Maceio,BR,2020-11-25 20:44:12,-9.67,-35.74,80.6,65,20,12.75
458,Goregaon,IN,2020-11-25 20:46:52,18.17,73.3,71.35,54,81,3.13
459,Prainha,BR,2020-11-25 20:46:52,-1.8,-53.48,87.37,56,84,2.84
460,Kirkuk,IQ,2020-11-25 20:46:52,35.47,44.39,59.9,48,100,6.76
461,Cabedelo,BR,2020-11-25 20:46:52,-6.98,-34.83,80.6,69,20,13.87
462,Caravelas,BR,2020-11-25 20:46:52,-17.71,-39.25,75.4,82,1,6.87
463,Havre-Saint-Pierre,CA,2020-11-25 20:46:52,50.23,-63.6,24.8,68,90,9.17
464,Baragaon,IN,2020-11-25 20:46:52,25.43,82.82,61.43,36,100,1.21
465,Tarauaca,BR,2020-11-25 20:46:52,-8.16,-70.77,90.63,51,89,1.83
466,Akropong,GH,2020-11-25 20:46:52,5.97,-0.09,80.6,88,20,5.82
467,Axim,GH,2020-11-25 20:46:52,4.87,-2.24,78.58,84,60,6.2
468,Stodolishche,RU,2020-11-25 20:46:52,54.19,32.65,33.01,96,98,4.03
469,Asfi,MA,2020-11-25 20:46:53,32.3,-9.24,57.78,87,100,22.55
470,Dewas,IN,2020-11-25 20:46:53,22.97,76.07,61.74,41,0,3.53
471,Sangod,IN,2020-11-25 20:46:53,24.92,76.28,66.07,31,57,7.63
472,Barra Do Garcas,BR,2020-11-25 20:45:56,-15.89,-52.26,95.0,34,20,2.24
473,Bay Roberts,CA,2020-11-25 20:46:53,47.6,-53.26,28.0,53,75,10.29
474,Robertsport,LR,2020-11-25 20:46:53,6.75,-11.37,79.48,82,5,7.92
475,Muyezerskiy,RU,2020-11-25 20:46:53,63.93,31.65,28.58,93,100,10.98
476,Marystown,CA,2020-11-25 20:46:53,47.17,-55.15,30.79,86,100,9.64
477,Wamba,NG,2020-11-25 20:46:53,8.93,8.6,78.75,39,19,3.09
478,Setermoen,NO,2020-11-25 20:46:53,68.86,18.35,10.4,92,20,10.29
479,Codo,BR,2020-11-25 20:46:54,-4.46,-43.89,80.37,76,100,3.87
480,Portobelo,PA,2020-11-25 20:46:54,9.55,-79.65,82.0,85,100,8.01
481,Urengoy,RU,2020-11-25 20:46:54,65.97,78.37,10.49,96,99,11.74
482,Bahia Blanca,AR,2020-11-25 20:46:54,-38.72,-62.27,81.07,19,30,26.11
483,Mersin,TR,2020-11-25 20:46:54,36.86,34.65,60.8,33,0,9.17
484,Sovetskiy,RU,2020-11-25 20:46:54,61.36,63.58,18.97,95,100,7.11
485,Port-Gentil,GA,2020-11-25 20:46:54,-0.72,8.78,78.8,94,20,6.93
486,Tessalit,ML,2020-11-25 20:46:54,20.2,1.01,64.8,25,0,8.08
487,Oriximina,BR,2020-11-25 20:46:54,-1.77,-55.87,86.85,59,81,3.65
488,Balkhash,KZ,2020-11-25 20:46:54,46.84,74.98,15.48,91,1,11.03
489,Basavana Bagevadi,IN,2020-11-25 20:46:54,16.58,75.97,69.42,72,9,7.61
490,Ponta Delgada,PT,2020-11-25 20:46:54,37.73,-25.67,55.4,71,40,11.41
491,Richards Bay,ZA,2020-11-25 20:46:54,-28.78,32.04,67.26,79,54,2.39
492,Sechura,PE,2020-11-25 20:46:55,-5.56,-80.82,74.62,54,18,18.99
493,Acandi,CO,2020-11-25 20:45:43,8.51,-77.28,84.34,75,100,5.91
494,Capoeiras,BR,2020-11-25 20:46:55,-8.73,-36.63,71.58,58,26,13.35
495,Alenquer,BR,2020-11-25 20:46:55,-1.94,-54.74,86.0,70,20,3.36
496,Longyearbyen,SJ,2020-11-25 20:42:49,78.22,15.64,19.4,57,90,10.29
497,Sume,BR,2020-11-25 20:46:55,-7.67,-36.88,81.61,48,62,17.56
498,San Carlos De Bariloche,AR,2020-11-25 20:46:55,-41.15,-71.31,48.2,59,40,27.51
499,Bereda,ES,2020-11-25 20:46:55,43.27,-7.54,48.99,100,100,1.01
500,Belgaum,IN,2020-11-25 20:46:55,15.87,74.5,65.14,73,44,5.68
501,Mangrol,IN,2020-11-25 20:46:55,21.12,70.12,73.09,44,0,11.5
502,Yenagoa,NG,2020-11-25 20:46:55,4.92,6.26,77.0,91,37,4.5
503,Baghdad,IQ,2020-11-25 20:46:55,33.34,44.4,60.8,55,0,12.75
504,Oskemen,KZ,2020-11-25 20:46:55,49.96,82.61,10.4,85,90,2.24
505,Westport,US,2020-11-25 20:46:56,41.14,-73.36,53.6,66,40,8.05
506,Maunabo,PR,2020-11-25 20:42:19,18.01,-65.9,82.4,65,1,8.05
507,Andenes,NO,2020-11-25 20:46:56,69.31,16.12,33.01,71,0,10.29
508,Hofn,IS,2020-11-25 20:46:56,64.25,-15.21,39.34,80,100,12.41
509,Kristiansund,NO,2020-11-25 20:46:56,63.11,7.73,42.8,81,75,29.97
510,Lac-Au-Saumon,CA,2020-11-25 20:46:56,48.42,-67.35,21.99,85,90,9.17
511,Swellendam,ZA,2020-11-25 20:46:56,-34.02,20.44,53.6,71,46,3.36
512,Durbuy,BE,2020-11-25 20:46:56,50.35,5.47,46.4,81,75,11.41
513,Lehigh Acres,US,2020-11-25 20:46:56,26.63,-81.62,77.0,69,90,8.05
514,Benicarlo,ES,2020-11-25 20:46:56,40.42,0.43,57.18,71,78,3.94
515,Ariquemes,BR,2020-11-25 20:41:59,-9.91,-63.04,87.67,59,90,0.92
516,Monte Alegre,BR,2020-11-25 20:46:56,-2.01,-54.07,86.47,59,99,2.24
517,Barma,SL,2020-11-25 20:46:57,8.35,-11.33,74.43,87,6,2.57
518,Vallenar,CL,2020-11-25 20:46:57,-28.57,-70.76,88.3,15,0,7.67
519,Pirojpur,BD,2020-11-25 20:46:57,22.57,89.98,63.88,64,100,3.31
520,Envira,BR,2020-11-25 20:46:57,-7.3,-70.22,82.04,80,100,4.83
521,Edd,ER,2020-11-25 20:46:57,13.93,41.69,83.3,54,84,10.51
522,Sharjah,AE,2020-11-25 20:45:39,25.36,55.4,73.4,56,0,5.82
523,Choma,ZM,2020-11-25 20:46:57,-16.81,26.95,70.05,70,66,2.24
524,Danilovka,RU,2020-11-25 20:46:57,50.36,44.12,31.12,98,98,9.44
525,Guntakal,IN,2020-11-25 20:46:57,15.17,77.38,71.92,78,100,11.92
526,San Ramon,US,2020-11-25 20:46:57,37.78,-121.98,61.0,51,20,3.36
527,Tanout,NE,2020-11-25 20:46:58,14.97,8.89,73.33,22,0,13.53
528,Tocopilla,CL,2020-11-25 20:46:58,-22.09,-70.2,66.81,53,21,3.31
529,Ciudad Bolivar,VE,2020-11-25 20:46:58,8.12,-63.55,86.34,62,93,7.36
530,At-Bashi,KG,2020-11-25 20:46:58,41.17,75.81,15.39,78,99,1.3
531,Sarkand,KZ,2020-11-25 20:46:58,45.41,79.92,21.07,73,96,3.18
532,Ilabaya,PE,2020-11-25 20:46:58,-17.42,-70.51,70.68,40,98,6.44
533,Immokalee,US,2020-11-25 20:46:58,26.42,-81.42,77.0,69,90,8.05
534,Carupano,VE,2020-11-25 20:46:58,10.67,-63.26,79.48,85,100,12.3
535,Salym,RU,2020-11-25 20:46:58,60.06,71.48,16.09,96,100,6.71
536,Benghazi,LY,2020-11-25 20:46:58,32.12,20.07,62.94,69,27,10.2
537,Baghmara,IN,2020-11-25 20:46:58,23.8,86.21,63.03,54,100,2.98
538,Santa Helena De Goias,BR,2020-11-25 20:46:59,-17.81,-50.6,77.34,61,74,8.86
539,Taoudenni,ML,2020-11-25 20:46:59,22.68,-3.98,63.97,29,0,9.46
540,Qarqin,AF,2020-11-25 20:46:59,37.42,66.04,43.02,61,30,22.1
541,Kristiinankaupunki,FI,2020-11-25 20:46:59,62.27,21.38,45.46,89,100,16.24
542,Comodoro Rivadavia,AR,2020-11-25 20:46:59,-45.87,-67.5,60.8,34,40,25.28
543,Leczna,PL,2020-11-25 20:46:59,51.3,22.88,30.2,100,69,4.7
544,Dawlatabad,AF,2020-11-25 20:46:59,36.41,64.91,38.37,74,9,7.2
